{
"lengthUnit": "mil",
"remark": [],
"components": {
	"fields": ["COMPONENT_NO", "COMPONENT_NAME", "LAYER", "X_COORDINATE", "Y_COORDINATE", "ANGLE"],
	"rows": [
		[1, "C1", "T", 2120, -1025, 270],
		[2, "LED1", "T", 1875, -1020, 90],
		[3, "R1", "T", 2004.136, -1018.698, 270],
		[4, "U1", "T", 2245, -1025, 180],
		[5, "PAD1", "T", 2120, -1052.56, 0],
		[6, "PAD2", "T", 2120, -997.44, 0],
		[7, "PAD3", "T", 1875, -1061.35, 0],
		[8, "PAD4", "T", 1875, -978.65, 0],
		[9, "PAD5", "T", 2004.136, -1048.358, 0],
		[10, "PAD6", "T", 2004.136, -989.038, 0],
		[11, "PAD7", "T", 2264.68, -1050.59, 0],
		[12, "PAD8", "T", 2245, -1050.59, 0],
		[13, "PAD9", "T", 2245, -999.41, 0]
	]
},
"pins": {
	"fields": ["PIN_NO", "PIN_NAME", "PIN_X", "PIN_Y", "LAYER", "PIN_TYPE", "NET_NAME", "NET_TYPE", "PAD_SHAPE", "PAD_SIZEX", "PAD_SIZEY", "HOLE_SIZE", "HOLE_LEN", "PAD_ANGLE"],
	"rows": [
		[1, "C1_1", 2120, -997.44, "T", "SMD", "$1N512", "", "R", 31.496, 35.433, 0, 0, 270],
		[2, "C1_2", 2120, -1052.56, "T", "SMD", "$1N531", "", "R", 31.496, 35.433, 0, 0, 270],
		[3, "LED1_1", 1875, -978.65, "T", "SMD", "$1N562", "", "R", 39.37, 55.1, 0, 0, 270],
		[4, "LED1_2", 1875, -1061.35, "T", "SMD", "$1N512", "", "R", 39.37, 55.1, 0, 0, 270],
		[5, "R1_1", 2004.136, -989.038, "T", "SMD", "$1N562", "", "R", 31.751, 34.016, 0, 0, 270],
		[6, "R1_2", 2004.136, -1048.358, "T", "SMD", "$1N531", "", "R", 31.751, 34.016, 0, 0, 270],
		[7, "U1_1", 2264.68, -999.41, "T", "SMD", "NET_1", "", "R", 19.685, 11.024, 0, 0, 270],
		[8, "U1_2", 2245, -999.41, "T", "SMD", "$1N512", "", "R", 19.685, 11.024, 0, 0, 270],
		[9, "U1_3", 2225.32, -999.41, "T", "SMD", "NET_2", "", "R", 19.685, 11.024, 0, 0, 270],
		[10, "U1_4", 2221.38, -1025, "T", "SMD", "NET_3", "", "R", 17.717, 11.811, 0, 0, 0],
		[11, "U1_5", 2225.31, -1050.59, "T", "SMD", "NET_4", "", "R", 19.685, 11.024, 0, 0, 270],
		[12, "U1_6", 2245, -1050.59, "T", "SMD", "$1N531", "", "R", 19.685, 11.024, 0, 0, 270],
		[13, "U1_7", 2264.68, -1050.59, "T", "SMD", "$1N531", "", "R", 19.685, 11.024, 0, 0, 270],
		[14, "U1_8", 2268.62, -1025, "T", "SMD", "NET_5", "", "R", 17.717, 11.811, 0, 0, 0],
		[15, "PAD1_2", 2120, -1052.56, "T", "SMD", "$1N531", "", "R", 31.496, 35.433, 0, 0, 270],
		[16, "PAD2_1", 2120, -997.44, "T", "SMD", "$1N512", "", "R", 31.496, 35.433, 0, 0, 270],
		[17, "PAD3_2", 1875, -1061.35, "T", "SMD", "$1N512", "", "R", 39.37, 55.1, 0, 0, 270],
		[18, "PAD4_1", 1875, -978.65, "T", "SMD", "$1N562", "", "R", 39.37, 55.1, 0, 0, 270],
		[19, "PAD5_2", 2004.136, -1048.358, "T", "SMD", "$1N531", "", "R", 31.751, 34.016, 0, 0, 270],
		[20, "PAD6_1", 2004.136, -989.038, "T", "SMD", "$1N562", "", "R", 31.751, 34.016, 0, 0, 270],
		[21, "PAD7_7", 2264.68, -1050.59, "T", "SMD", "$1N531", "", "R", 19.685, 11.024, 0, 0, 270],
		[22, "PAD8_6", 2245, -1050.59, "T", "SMD", "$1N531", "", "R", 19.685, 11.024, 0, 0, 270],
		[23, "PAD9_2", 2245, -999.41, "T", "SMD", "$1N512", "", "R", 19.685, 11.024, 0, 0, 270]
	]
}
}